111_501,Syed_Ameer_Ali,M,Kashmir,Rajbagh,48,9906783816,Teacher
112_502,Syed_Jahanaara_Ameer,F,Kashmir,Rajbagh,41,9906799816,Teacher
113-503,Syed_Aliya_Ameer,F,Kashmir,Rajbagh,10,7006894321,Student
114_504,Mehak_Amin,F,Kashmir,Chanapoora,21,9906987654,Student
115-505,Muskaan_mushtaq,F,Kashmir,Hyderpora,21,7006578910,Student
116_506,Zakriya_Shabir,M,Jammu,Natipora,22,7006543219,Student
117_507,Mueid_Bhat,M,Jammu,Ikhrakpora,22,8807676743,Student
118_508,Imran_Khan,M,Jammu,Ikhrajpora,22,9906573213,Teacher
119_509,Hashmat_Ali,M,Delhi,Nizamuddin,22,9905673413,Doctor
120_510,Umer_Latif,M,Jammu,Natipora,22,9906978713,Teacher
121_511,Rahat_Khurshid,F,Jammu,Nawakadal,22,9906976521,Teacher
122-512,Adnaan_frooq,M,Delhi,Nizamuddin,21,7006578910,Doctor
123_513,Rashid_Ali,M,Delhi,Agra,41,7006555219,Engineer
124_514,Sameer_Hamdani,M,Delhi,Agra,41,9907676233,Engineer
125_515,Imran_Zahid,M,Jammu,Ikhrajpora,41,9906573213,Engineer
126_516,Ashmeen,F,Delhi,Gudgaon,41,9902974712,Doctor
127_517,Mehreen,M,Jammu,Ikhrajpora,22,9906573213,Engineer
128_518,Tahmid_Ali,M,Delhi,Nizamuddin,48,9905673413,Doctor
129_519,Sameena_Nasir,F,Kashmir,Chanapoora,21,7006987654,Student
130-520,Mehar_mushtaq,F,Kolkatta,Ichapur,21,9906578910,Engineer
131_521,Ritu_Kaur,F,Kolkatta,Shibpur,48,7006676743,Doctor
132_522,Meenakshi,F,Kolkatta,Shibpur,48,7006573213,Teacher
133_523,Kaur_Amita,M,Kolkatta,Ichapur,22,9906543219,Engineer
134_524,Nayeem,M,Kolkatta,Ichapur,54,8806342154,Engineer
135_525,Hayat_Hamdani,F,Kolkatta,Shibpur,76,7006789213,Doctor
137_527,Noman,M,Jammu,Natipora,5,7006573213,Student
138_528,Tahrim,M,Kashmir,Nowhatta,9,9906543219,Student
139_529,Adnan,M,Delhi,Agra,8,8806342154,Student
140_530,Turno,M,Kolkatta,Shibpur,6,7006789213,Student
141_531,Tuba,F,Mumbai,Kapadianagar,32,700632145,Nurse
142_532,Tasnim,F,Mumbai,Indiranagar,56,7006875432,Nurse
143_533,Prodipto,M,Mumbai,Indiranagar,6,7006343154,Student
144_534,Imu,M,Mumbai,Kapadianagar,5,880643215,Student
145_535,Tareq,M,Mumbai,Indiranagar,31,7006111232,Actor
146_536,Rizwan,M,Jammu,Natipora,34,8806343434,Actor
147_537,Robiul,M,Kolkatta,Madhunagar,43,8806454545,Driver
148_538,ela,F,Delhi,Agra,36,8806565656,Scientist
149_539,tahmid,M,Delhi,Agra,46,8806676767,Scientist
136_526,Jahir,M,Delhi,Agra,3,7006676743,Student
